file,rows
USDJPY_M5_exhaustion_features.csv,10058
USDJPY_adr_by_dow.csv,6
USDJPY_adr_consumed_when_extremes_form.csv,1
USDJPY_adr_intraday_consumption_curve.csv,24
USDJPY_adr_summary.csv,1
USDJPY_composite_score_distribution.csv,10
USDJPY_composite_tier_breakpoints.csv,4
USDJPY_ema_narrowing_before_cross.csv,363
USDJPY_ema_spread_summary.csv,1
USDJPY_response_survivable_lot_sizes.csv,9
USDJPY_response_trapped_at_extreme_losses.csv,1
USDJPY_response_winrate_by_tier_adverse.csv,3
USDJPY_response_winrate_by_tp.csv,4
USDJPY_reversal_probability_by_score_range.csv,8
USDJPY_rsi_divergence_summary.csv,6
USDJPY_wick_rejection_lookback_separation.csv,5
USDJPY_wick_rejection_summary.csv,1
